,name,rank,lp,level,wins,losses,most_played_champ_1,most_played_champ_2,most_played_champ_3
0,Doss not worlds,challenger,1938,69,223,145,Alistar,Nautilus,Rakan
1,hovinko z kose,challenger,1859,612,165,108,Kaisa,Zeri,Aphelios
2,Pipibaat Yarr,challenger,1857,628,196,137,Belveth,Ziggs,Ivern
3,G2 Jorah Mormont,challenger,1824,891,165,108,Bard,Lissandra,Rakan
4,G2 Dracarys,challenger,1739,886,201,155,Leblanc,Azir,Naafiri
5,KC NEXT ADKING,challenger,1735,434,173,128,Kaisa,Draven,Ashe
6,TakeSet sama,challenger,1731,773,187,141,Ezreal,Kaisa,Xayah
7,popsmoke999,challenger,1711,94,191,121,Fiora,Jax,Irelia
8,TheRoyalKanin,challenger,1691,899,200,154,Cassiopeia,Ahri,Ashe
9,Thørs Snorresson,challenger,1646,219,204,154,Viego,Taliyah,Chogath
10,bee goes bzzzzz,challenger,1615,1026,229,181,Viego,Taliyah,Nidalee
11,Grind Arc,challenger,1553,646,213,167,Khazix,Kindred,Lillia
12,Qnoxs,challenger,1542,2025,332,282,Senna,Sona,Janna
13,Walid Georgey,challenger,1532,711,158,113,Nautilus,Rakan,Alistar
14,lyncas good kid,challenger,1511,730,224,178,Taliyah,Viego,LeeSin
15,Chasy jax,challenger,1472,56,154,89,Rumble,Renekton,Aatrox
16,GW Villager,challenger,1458,571,134,95,Taliyah,Nidalee,Khazix
17,rtyfghvbn,challenger,1458,212,129,84,Zeri,Xayah,Kaisa
18,Iuger,challenger,1455,170,204,155,Kalista,Kaisa,Ashe
19,TTV NattyNattLoL,challenger,1453,799,193,162,Rengar,JarvanIV,LeeSin
20,DONATELL0,challenger,1415,1085,130,89,Zeri,Xayah,Kaisa
21,alvarooo,challenger,1413,897,146,112,Rakan,Nautilus,Rell
22,PatkicaA,challenger,1407,645,179,137,Poppy,Volibear,Renekton
23,G2ThreeEyeDraven,challenger,1398,121,170,139,Kaisa,Draven,Kalista
24,BDS xMatty,challenger,1387,728,241,201,Ezreal,Kaisa,Xayah
25,S P L A S H 777,challenger,1386,829,196,159,Evelynn,RekSai,Kayn
26,Tooru Oikawa,challenger,1379,198,246,203,Kaisa,Zeri,Xayah
27,why losee,challenger,1368,271,171,121,Orianna,Jayce,Azir
28,G2ThreeEyedSwain,challenger,1357,420,107,66,Swain,KSante,Kled
29,Odysseus131,challenger,1351,997,107,75,Taliyah,Orianna,Akshan
30,MagiFelix5,challenger,1351,661,558,511,Yasuo,Yone,TwistedFate
31,SK Sertuss,challenger,1337,949,249,206,Tristana,Leblanc,Akali
32,Vasshu Sutanpido,challenger,1335,1691,240,194,Rakan,Rell,Braum
33,lilRALLERDABABY,challenger,1335,100,107,62,Nidalee,Khazix,Xerath
34,187 361 21,challenger,1329,1152,247,208,Kaisa,Kalista,Xayah
35,B Butcher,challenger,1324,153,141,100,Rell,Rakan,Alistar
36,tomthecat,challenger,1318,119,201,139,Leblanc,Naafiri,Ahri
37,Kenal,challenger,1317,474,175,136,Kaisa,Zeri,Xayah
38,Groinze,challenger,1316,119,243,214,Kindred,Maokai,Rell
39,Myrtus,challenger,1310,634,216,185,Rakan,Alistar,Senna
40,T1 FSZ,challenger,1303,909,227,185,Neeko,Akali,Leblanc
41,Jopa Locura,challenger,1300,263,172,132,Seraphine,Nilah,Zeri
42,Incandescence33,challenger,1300,236,251,209,Ahri,Tristana,Syndra
43,Melonik sama,challenger,1292,640,181,144,KSante,Renekton,Rumble
44,Decay0,challenger,1281,1139,304,270,Ahri,Leblanc,Jayce
45,fιght,challenger,1275,623,233,199,Renekton,KSante,Aatrox
46,Jojopyun fangirl,challenger,1272,443,121,83,Fiddlesticks,Viego,Poppy
47,Envy Carry,challenger,1272,1308,201,168,Jayce,Kayn,Leblanc
48,YT BriefcaseMan,challenger,1271,87,213,157,DrMundo,Xayah,Malphite
49,TraYtoN,challenger,1258,830,119,81,Bard,Rakan,Galio
50,Bollito de Cacao,challenger,1251,571,149,100,Leblanc,Ahri,Jayce
51,zamuleczek,challenger,1248,185,221,179,Kaisa,Ezreal,Zeri
52,GO toucouille,challenger,1236,874,130,97,Ahri,Tristana,Jayce
53,月亮代表我的心,challenger,1231,59,148,106,Zeri,Xerath,Ashe
54,den store mand,challenger,1229,749,165,124,Renekton,Aatrox,Gnar
55,YUQI Giant,challenger,1221,169,114,73,Neeko,Syndra,Ahri
56,invicta23,challenger,1215,725,293,260,Irelia,Poppy,Karma
57,A41G Frappii,challenger,1209,613,181,143,Ashe,Kaisa,Ezreal
58,TTV KERBEROS LOL,challenger,1208,950,180,141,Olaf,Poppy,Camille
59,soz,challenger,1202,313,211,183,Renekton,Rumble,KSante
60,Fleshyy,challenger,1198,463,186,152,Nautilus,Rell,Pyke
61,Μaster Mirror,challenger,1191,500,101,68,Syndra,Jayce,Orianna
62,StarGuardianRell,challenger,1189,772,122,87,Vayne,Nidalee,Quinn
63,Sour Grαpes,challenger,1177,892,190,165,Ahri,Jayce,Azir
64,TTV Potent213,challenger,1167,456,131,99,Fiora,Renekton,Rumble
65,school phobia,challenger,1166,580,144,115,Nautilus,Alistar,Rakan
66,FUN k3y,challenger,1164,463,74,42,Kaisa,Ashe,Kalista
67,Maynter,challenger,1163,399,96,63,Renekton,Jax,Olaf
68,eltuko,challenger,1161,794,219,188,Taliyah,Rengar,Nidalee
69,Happy Alexx,challenger,1161,593,197,165,Lillia,Poppy,Shen
70,sharynne enjoyer,challenger,1157,1022,160,135,Rell,Rakan,Nautilus
71,David Goggins 1,challenger,1152,625,196,163,Riven,Gangplank,Aatrox
72,TDS Matias,challenger,1151,694,149,109,Zeri,Kaisa,Vayne
73,Hey Law I Love Y,challenger,1151,410,182,150,Jax,Gangplank,Renekton
74,knight9z,challenger,1150,1009,189,158,Jayce,Leblanc,Tristana
75,Badlulu00,challenger,1150,239,179,145,Jax,Camille,Yone
76,name change luck,challenger,1150,105,119,85,Ezreal,Nautilus,Belveth
77,LoveBlueBuff,challenger,1140,297,217,175,Tristana,Leblanc,Neeko
78,ECSTASSSY,challenger,1138,367,143,100,Kaisa,Kalista,Draven
79,MercedesBenzE500,challenger,1130,256,139,97,Leblanc,Ahri,Ezreal
80,the voıces,challenger,1128,869,179,154,Rell,Rakan,Senna
81,Red Winter,challenger,1121,296,204,162,Yone,Yasuo,Akali
82,Πανούλης,challenger,1117,198,89,62,Rumble,Jax,Renekton
83,sindrelolpro2345,challenger,1113,877,201,168,Senna,Veigar,Yasuo
84,Silk1,challenger,1112,581,216,173,Leblanc,Jayce,Sylas
85,Kaori3,challenger,1111,629,137,111,Kaisa,Xayah,Ezreal
86,Lοtuss,challenger,1109,546,140,106,Nidalee,Taliyah,LeeSin
87,Thumbs Down,challenger,1109,551,96,70,Pyke,Rell,Nautilus
88,Peak Level,challenger,1101,554,195,159,Rell,Rakan,Nautilus
89,motus vetiti,challenger,1101,739,123,88,Tristana,Kaisa,Zeri
90,Pickled eyes,challenger,1101,121,268,236,Varus,Syndra,Caitlyn
91,takeset smurfer,challenger,1100,146,104,74,Ashe,Kaisa,Zeri
92,Mutant Grzegorz ,challenger,1092,250,125,87,Ashe,Kalista,Ziggs
93,1V9 CRACKMACHlNE,challenger,1090,253,274,236,Lillia,Poppy,Viego
94,Strey en mission,challenger,1088,184,153,117,Garen,Olaf,Malphite
95,Tyräel,challenger,1087,1039,256,227,Sion,Gnar,Rammus
96,DJ AATROX,challenger,1087,411,248,201,KSante,Pantheon,Illaoi
97,FLBWNWRKGW,challenger,1083,48,135,88,Nautilus,Alistar,Rakan
98,Cerecof1,challenger,1083,187,170,137,Nautilus,Alistar,Rakan
99,remy the rodent,challenger,1076,315,257,221,Taliyah,Jayce,Syndra
100,SK Irrelevant,challenger,1075,724,112,87,Aatrox,Renekton,Gwen
101,Rayito,challenger,1075,688,101,72,Sivir,Kaisa,Tristana
102,swaggyfreak69,challenger,1072,216,218,184,Qiyana,Akali,Naafiri
103,SPOLFCEI ,challenger,1071,454,255,227,Vayne,Kaisa,Xayah
104,Syn Młynarza1,challenger,1070,135,118,91,Nautilus,Rakan,Alistar
105,Kamiloo,challenger,1069,605,223,192,Sylas,Syndra,Jayce
106,kameto mid acc,challenger,1067,499,155,124,Leblanc,Azir,Ahri
107,FlayLoL,challenger,1064,575,103,63,Rakan,Alistar,Rell
108,Mazs,challenger,1064,617,134,105,Leblanc,Tristana,Jayce
109,Hadeslol,challenger,1063,423,168,128,Nidalee,Viego,Maokai
110,mag1cian 2853,challenger,1063,74,241,192,Kayn,Khazix,Evelynn
111,Crabby Cake,challenger,1062,50,93,47,Kaisa,Ezreal,Tristana
112,ÂDC2k17,challenger,1061,120,81,50,Akshan,Taliyah,Leblanc
113,Μxe,challenger,1060,679,336,294,Rell,Maokai,Rakan
114,MansterV,challenger,1059,782,95,59,Thresh,Nami,Janna
115,T1 Z3US,challenger,1057,673,122,83,Aatrox,Rumble,Camille
116,mid 10,challenger,1046,225,131,94,Azir,Akali,Sylas
117,EUSEUSEUS,challenger,1045,736,165,131,Vayne,Kalista,Zeri
118,BABO MID ,challenger,1045,1014,223,198,Xerath,Tristana,Yone
119,AFK JUNG,challenger,1044,60,74,36,RekSai,Khazix,Irelia
120,Jαvier,challenger,1042,712,156,128,Leblanc,Ahri,Neeko
121,Balðraz,challenger,1041,76,89,48,Gwen,Kled,Aatrox
122,Zueb,challenger,1039,695,259,224,Aatrox,Darius,Yone
123,plzdive,challenger,1039,222,172,136,Ezreal,Zeri,Xayah
124,MCK Six10,challenger,1037,123,127,100,KSante,Ahri,Tristana
125,death ends,challenger,1033,340,213,184,Pyke,Zed,Nautilus
126,echo22,challenger,1033,285,140,99,Renekton,Rumble,Poppy
127,whiteleon,challenger,1030,265,123,85,Talon,Taliyah,Nidalee
128,Tøbio Kageyama1,challenger,1030,159,219,180,LeeSin,Khazix,Viego
129,Wesley Warren Jr,challenger,1029,701,110,81,Naafiri,Orianna,Azir
130,15 02 2022,challenger,1025,741,189,161,Orianna,Viktor,Irelia
131,Heybiblee,challenger,1024,252,228,208,Leblanc,Tristana,Taliyah
132,cadianNN,challenger,1024,464,158,125,Jax,Renekton,Yone
133,Angel ôf Death,challenger,1024,99,131,91,Talon,Khazix,Malphite
134,6FEET UNDER DIRT,challenger,1023,50,71,30,LeeSin,JarvanIV,Viego
135,the inescapable,challenger,1022,285,76,47,Orianna,Syndra,Jayce
136,Sejuani,challenger,1021,138,116,72,Hecarim,Lillia,Kayn
137,Fire Warrior,challenger,1019,315,103,70,KSante,Renekton,Jayce
138,SK Exakick,challenger,1017,615,183,158,Kaisa,Kalista,Zeri
139,Tazaku,challenger,1017,461,72,38,Ezreal,Zeri,Kaisa
140,Yagiao,challenger,1017,127,121,84,Viego,LeeSin,Taliyah
141,Ginz,challenger,1017,509,277,241,Kaisa,Tristana,Vayne
142,GO RagoshixD123,challenger,1013,369,95,66,Yone,Aatrox,Gangplank
143,eIramir,challenger,1013,288,130,90,Viego,Ivern,JarvanIV
144,Shikari7,challenger,1010,178,111,79,Renekton,Jax,Rumble
145,Legendary Bow,challenger,1009,105,72,37,Azir,Tristana,Cassiopeia
146,Sebeks,challenger,1009,442,144,117,Syndra,Tristana,Leblanc
147,Dekap,challenger,1008,941,265,236,Rell,Thresh,Rakan
148,darksorcerer1,challenger,1007,435,84,48,Xayah,Kaisa,Tristana
149,Hankat,challenger,1006,576,171,140,Nocturne,JarvanIV,Poppy
150,Soul fullness,challenger,1006,1048,243,207,Naafiri,Renekton,Aatrox
151,LOVENSE MAXMODE,challenger,1006,193,210,184,Janna,Taliyah,Nami
152,blue the wizard,challenger,1005,249,147,121,Seraphine,Karthus,Draven
153,jueduihexin1,challenger,1004,136,112,67,Orianna,Syndra,KSante
154,Dopaminw,challenger,1003,868,177,147,Kindred,Nocturne,Taliyah
155,coffee hotpot,challenger,1003,122,167,126,Leblanc,Ahri,Tristana
156,PsYcraw,challenger,1002,720,124,93,Thresh,Nautilus,Rell
157,Alleine,challenger,1001,272,106,63,Thresh,Rell,Rakan
158,LFT Hazel,challenger,998,493,292,259,Ashe,Zeri,Kaisa
159,Techoteco,challenger,995,86,90,52,Skarner,Nocturne,Vi
160,MUSCLE MONSTROB,challenger,995,198,143,112,Syndra,Jayce,Cassiopeia
161,TTV White Lotus,challenger,993,1171,159,123,Karma,Sona,
162,Rafitta,challenger,993,778,130,101,Ezreal,Kaisa,Xayah
163,TTV DarkAuraLOL,challenger,993,88,172,136,Kayn,,
164,WarShogun,challenger,992,596,148,112,Nidalee,Lillia,Khazix
165,KOI Stend,challenger,991,497,199,177,Rakan,Alistar,Thresh
166,Hovvling,challenger,991,123,111,84,Aatrox,Yone,Rumble
167,guubiyusi,challenger,990,431,132,88,Kaisa,Caitlyn,Zeri
168,Êrsin,challenger,988,565,221,184,Fiora,Rumble,Camille
169,Foutriquet,challenger,984,193,79,48,JarvanIV,Taliyah,Viego
170,Keia,challenger,983,761,201,179,Rell,Rakan,Janna
171,J11HUIV,challenger,983,471,421,385,Jayce,Tristana,Azir
172,SLRSLRSLR,challenger,981,838,214,179,Leblanc,Syndra,Tristana
173,MEGAZORD XERSUS7,challenger,977,859,235,213,Nautilus,Rell,Soraka
174,katawinaluckacc,challenger,974,768,133,105,Kindred,Khazix,Briar
175,nicolaiy,challenger,973,343,188,152,JarvanIV,Viego,Lillia
176,xiaohuXXW,challenger,973,435,172,147,Leblanc,Taliyah,Jayce
177,Le mec du 91,challenger,973,168,92,61,Taliyah,Rell,Viego
178,LΣNNY,challenger,971,844,66,34,Kalista,Ashe,
179,V9 Autophil,challenger,970,590,81,56,Nocturne,JarvanIV,Taliyah
180,Diva1,challenger,969,386,151,123,Tristana,Cassiopeia,Leblanc
181,JuJuTw0,challenger,968,732,140,113,Ezreal,Xayah,Ashe
182,Wrongo,challenger,967,603,110,80,Rakan,Nautilus,Thresh
183,DribbleKing,challenger,967,304,207,180,LeeSin,Khazix,Taliyah
184,METROOOOOOOOO,challenger,965,470,138,114,Nidalee,Viego,Taliyah
185,Drututt,challenger,965,398,171,149,Naafiri,Akshan,Camille
186,Rychly,challenger,964,699,75,42,Rakan,Maokai,Rell
187,Iziio,challenger,964,309,115,84,Yone,Yasuo,Jayce
188,ismααα,challenger,962,673,177,151,Nidalee,Nocturne,Maokai
189,Addybuyor,challenger,962,938,266,237,Kaisa,Ashe,Sivir
190,kid cudi1,challenger,962,570,96,57,Viego,XinZhao,JarvanIV
191,WOOOLITE,challenger,961,347,137,114,Ezreal,Kaisa,Zeri
192,NOMA NOMA YEI ,challenger,960,824,267,235,Leblanc,Tristana,Zoe
193,RhiIech,challenger,959,671,174,145,Hecarim,Talon,Viego
194,4th June,challenger,959,221,137,107,Rell,Rakan,Alistar
195,Dimill 777,challenger,957,458,176,145,Thresh,Rell,Braum
196,Prime oo,challenger,954,89,160,137,Alistar,Nautilus,Rell
197,Rosinânté,challenger,954,138,72,41,Fiora,Renekton,Yone
198,JGLMIDJGLMIDJGL,challenger,952,100,123,95,Soraka,Nautilus,Senna
199,Charlie Heaton,challenger,950,473,75,45,Lillia,Neeko,Nocturne
200,Zankiller2,challenger,948,359,143,110,Khazix,JarvanIV,Kindred
201,CT 9904,challenger,948,798,132,103,Rakan,Karma,Braum
202,Ag0nyPa1n,challenger,947,126,371,352,Viktor,Qiyana,Vex
203,Deádly,challenger,946,530,99,71,Sivir,Kaisa,Varus
204,Hido1,challenger,944,243,145,116,Zeri,Kaisa,Ezreal
205,Qiyana Demon arc,challenger,942,320,137,106,Qiyana,Garen,Malphite
206,AØH,challenger,941,196,94,58,Briar,Belveth,Poppy
207,FGG,challenger,939,559,183,159,Rell,Rakan,Nautilus
208,Étude Op 25 No 5,challenger,938,153,73,47,Khazix,Viego,Poppy
209,PinkMin v2,challenger,937,196,111,81,Annie,Nautilus,Alistar
210,Etesiaen,challenger,936,48,119,72,Thresh,Soraka,Lux
211,sigma frygo,challenger,936,296,161,132,Akshan,Aatrox,Brand
212,DPMGOD777,challenger,936,337,204,167,Tristana,Xayah,Kaisa
213,TwTv Raideru,challenger,936,194,120,80,Darius,Jax,Olaf
214,weixin xiaofang,challenger,935,54,154,114,Khazix,Talon,Viego
215,Doaenel in Annie,challenger,935,205,64,26,Neeko,Soraka,Viktor
216,RELATIVOOO,challenger,935,67,102,74,Taliyah,Irelia,Tristana
217,Nillee,challenger,934,1013,314,288,Jax,Rumble,Renekton
218,Honest1,challenger,931,1214,274,244,Jayce,Syndra,Akali
219,pump the menace,challenger,931,278,190,164,Leblanc,Syndra,Viktor
220,ToothIess,challenger,930,912,216,192,Renekton,Camille,Olaf
221,Dαnι,challenger,930,840,129,97,Pantheon,Renekton,KSante
222,AIS333,challenger,930,96,243,214,Jayce,Akali,Tristana
223,I Lονe Yοu,challenger,930,558,88,58,Seraphine,Sona,Karma
224,Hyweedri,challenger,930,160,109,84,Belveth,Lillia,Viego
225,Sir Leywin,challenger,928,379,80,52,Nocturne,Talon,Poppy
226,Canam,challenger,928,611,172,141,Nami,Lulu,Senna
227,Built,challenger,928,375,67,40,Riven,Vayne,Gwen
228,Axo Bad Boy,challenger,927,683,112,87,Darius,Garen,Volibear
229,pokovirtuoso,challenger,927,408,114,82,Karma,Zilean,Xerath
230,Top matters,challenger,927,189,136,111,Renekton,Jayce,KSante
231,Moché,challenger,926,371,185,156,Irelia,Yone,Renekton
232,Boring Cycle,challenger,925,1056,216,185,Kaisa,Yasuo,Draven
233,Spoodersussi,challenger,925,530,180,158,Renekton,Rumble,Aatrox
234,μορφαριus,challenger,925,542,149,119,Ivern,Shaco,Lissandra
235,BERFKNGKAN,challenger,924,118,258,229,Syndra,Viktor,Anivia
236,Simpli,challenger,924,881,126,100,Taliyah,Talon,Azir
237,La levantaré,challenger,923,797,113,89,Rakan,Alistar,Nautilus
238,gun man puke,challenger,923,131,127,96,Ezreal,Draven,Kaisa
239,thε hølløω,challenger,923,512,108,79,Rakan,Nautilus,Alistar
240,ZAMBVOJEAW,challenger,922,101,125,102,Rell,Rakan,Alistar
241,AOMA PRM GFP,challenger,922,803,160,130,Kayn,Vi,Nautilus
242,Roison,challenger,921,462,262,236,TwistedFate,Tristana,Sivir
243,Prince Elijah,challenger,921,737,151,114,KSante,Renekton,Jayce
244,Zem Zem,challenger,920,474,117,82,Rell,Nautilus,Olaf
245,Simpanooo,challenger,920,86,122,81,Akshan,Pantheon,
246,PI Blade40,challenger,919,1194,133,101,Rakan,Nautilus,Alistar
247,Agresivoo,challenger,919,89,201,171,Rumble,Jax,Kennen
248,PropaPandah,challenger,918,602,212,182,Alistar,Xerath,Pyke
249,Squeezie,challenger,918,157,182,156,Garen,Kennen,Renekton
250,Fruity Fresh,challenger,917,729,232,199,Swain,Kaisa,AurelionSol
251,ANATHARRRRRRRRRR,challenger,916,711,147,116,Renekton,Aatrox,Garen
252,gebeskapIumbaga,challenger,915,555,172,142,Kaisa,Leblanc,Ahri
253,STREAMEZ LOTUS,challenger,915,266,119,87,Zeri,Kaisa,Aphelios
254,Lord Lunddorf,challenger,915,286,249,228,Renekton,Rumble,Jax
255,DenSygeKamel69,challenger,914,1122,287,255,Udyr,Hecarim,Mordekaiser
256,Tollkühn,challenger,914,506,102,66,Renekton,Camille,Gnar
257,No God Complex,challenger,913,498,206,169,Rakan,Tristana,Karma
258,KILLER MIKE,challenger,912,597,125,95,Garen,Rumble,Malphite
259,Elec Trizzy T,challenger,911,749,200,171,XinZhao,Khazix,Kindred
260,Gorący Maciuś,challenger,911,254,142,114,Senna,Rakan,Janna
261,lnferiorities,challenger,911,328,108,72,Darius,Camille,DrMundo
262,chill falls1,challenger,910,729,156,135,Kaisa,Ashe,Zeri
263,Downie,challenger,910,514,109,76,Xayah,Ezreal,Karma
264,Ornn Panties,challenger,910,564,134,109,Naafiri,Jax,RekSai
265,BFG Mauki,challenger,909,709,89,51,Kaisa,Xayah,Jinx
266,CG Ssaiko,challenger,909,764,170,145,Viego,Rengar,Sylas
267,Weaksided player,challenger,908,937,160,128,Darius,Urgot,Olaf
268,PORTUGUESE GALA,challenger,907,834,285,265,Xayah,Ezreal,Varus
269,sadanxietyterror,challenger,907,1037,139,119,Talon,Naafiri,Taliyah
270,chöego,challenger,907,423,101,74,Kaisa,Zeri,Caitlyn
271,XxCrushingxX,challenger,907,480,95,64,Taliyah,Viktor,Riven
272,VELJA THE MENACE,challenger,907,375,182,163,LeeSin,Belveth,Lillia
273,FatShield,challenger,905,744,129,99,Aatrox,Renekton,Olaf
274,Crowno,challenger,905,705,187,165,Karma,KSante,Udyr
275,freezeway,challenger,905,84,115,75,Kayn,Viego,Talon
276,Guidο Mista,challenger,905,447,108,79,Rakan,Neeko,Pyke
277,Bitten BuIIet,challenger,904,627,70,43,Rell,Alistar,Rakan
278,SPEEDOBEAR,challenger,903,464,111,83,Bard,Senna,Rakan
279,bodaZZZ,challenger,903,831,386,359,Zeri,Aatrox,Renekton
280,jsuis a bout sah,challenger,902,316,198,179,Taliyah,LeeSin,Maokai
281,TTV Raideru,challenger,902,376,166,138,Darius,Jax,Veigar
282,Infoneral,challenger,901,650,122,96,Rell,Rakan,Pyke
283,Falleo int acc,challenger,900,870,127,100,MissFortune,Aphelios,Ezreal
284,BurgerMäker,challenger,900,495,78,47,Jayce,Syndra,Tristana
285,Køldo Locuraa,challenger,898,642,94,67,LeeSin,Poppy,Viego
286,reoace,challenger,898,598,232,199,Sona,Seraphine,Fizz
287,canyon fun acc,challenger,898,106,146,112,RekSai,Evelynn,Nautilus
288,l will engage,challenger,896,724,232,216,Rakan,Nautilus,Pyke
289,2023 SOLDIER,challenger,893,146,169,144,Zeri,Xayah,Aphelios
290,ad895091,challenger,891,413,109,80,Kaisa,Xayah,Caitlyn
291,Nsurr1,challenger,885,973,233,209,Rell,Alistar,Nautilus
292,OTTI NUMBER 1,challenger,881,548,109,77,Renekton,Sejuani,Olaf
293,LiIipp,challenger,871,56,104,56,Rell,Alistar,Nautilus
294,Kyorès,challenger,870,275,131,105,Garen,Darius,KSante
295,lcedLatte w cats,challenger,868,65,119,78,RekSai,LeeSin,Taliyah
296,VIVE Serendrip,challenger,865,800,131,107,Pyke,Ahri,Irelia
297,Iwan Candy,challenger,864,100,100,65,Naafiri,Jayce,Yone
298,Mafro mad kid,challenger,864,373,249,221,Graves,Rell,Nocturne
299,CharIesLecIerc,challenger,863,67,201,143,Nidalee,JarvanIV,Aatrox
300,avarice61,challenger,862,619,252,234,Aphelios,Ezreal,Jinx
301,nöyrä,challenger,858,502,205,173,Pyke,LeeSin,Poppy
302,Obstinatus,challenger,848,945,163,144,Nautilus,Rell,Rakan
303,nicolaiy3,challenger,847,65,177,151,JarvanIV,Khazix,Viego
304,Raiju Son Hak,challenger,844,139,71,40,Azir,Tristana,Jayce
305,O X V I V X O,challenger,833,831,224,193,Xerath,Lux,Taliyah
306,nem áll fel,challenger,814,135,206,171,Janna,Nautilus,Alistar
307,S8DiamondDog,challenger,794,392,107,86,Zed,Yasuo,Naafiri
308,RYU Tockimo,challenger,781,648,130,107,Rell,Rakan,Nautilus
309,Lewus int acc,grandmaster,1004,510,263,241,Akshan,Jayce,Tristana
310,XDXDXDXDDXDXDD,grandmaster,950,357,226,202,Vayne,Kaisa,Ezreal
311,Son Hak,grandmaster,947,55,135,99,Ezreal,Kaisa,Kalista
312,WAO KING 1,grandmaster,939,540,412,360,Jax,KSante,Olaf
313,Lovelorn,grandmaster,938,676,267,240,Kayn,Karthus,Belveth
314,L Vasco O ,grandmaster,936,625,85,56,Orianna,Viktor,Azir
315,Winter1z,grandmaster,924,679,208,177,Kassadin,Tristana,Neeko
316,Meow Rawr Marto,grandmaster,920,1019,80,53,Talon,Naafiri,Zed
317,Miyamotô Musashî,grandmaster,913,690,75,45,Taliyah,Viego,Chogath
318,Juhozkin,grandmaster,912,264,79,43,Renekton,Fiora,Jax
319,ANDARlEL,grandmaster,910,383,117,96,Zeri,Kalista,Xayah
320,Carrry,grandmaster,906,323,146,118,Pyke,Rell,Rakan
321,t nul tu drops,grandmaster,905,242,209,179,Rell,Nautilus,Alistar
322,To the moon7,grandmaster,902,326,149,122,Leblanc,Syndra,Sylas
323,whiteinnn,grandmaster,901,492,138,113,Nautilus,Rakan,Rell
324,Shizkha,grandmaster,900,782,276,239,Khazix,Belveth,Shyvana
325,Jordæn,grandmaster,900,509,226,195,Pantheon,Gwen,Sett
326,maybe its time,grandmaster,895,72,81,46,Nautilus,Bard,Senna
327,Monsieur Dunks,grandmaster,894,902,109,81,Urgot,Shyvana,Mordekaiser
328,sonabardjanna,grandmaster,893,657,221,198,Tristana,Karthus,Kaisa
329,Razørk Activoo,grandmaster,890,556,83,70,Taliyah,KSante,Karthus
330,blonde mina,grandmaster,888,786,285,252,Janna,Alistar,Nautilus
331,ΗolyPhoenix,grandmaster,888,1043,318,288,Swain,Kaisa,Samira
332,BezPlayoffnik,grandmaster,888,93,180,154,Nautilus,Rakan,Rell
333,Sayona,grandmaster,887,1141,237,219,Soraka,Gwen,Rell
334,main de fragile,grandmaster,883,177,130,92,Kaisa,Ashe,Ezreal
335,NukerFTW,grandmaster,880,715,144,105,Viego,Belveth,Kayn
336,shistani,grandmaster,880,545,126,106,Tristana,Neeko,Orianna
337,Sleepin all Day,grandmaster,879,653,101,73,Thresh,Pyke,Zilean
338,SatØrius,grandmaster,878,754,218,198,Rumble,Karma,Gragas
339,FaithXD,grandmaster,876,244,210,188,LeeSin,Taliyah,Elise
340,kisze,grandmaster,872,610,132,102,Vayne,Kaisa,Ashe
341,Mαrth,grandmaster,871,579,84,57,Tristana,Jinx,KogMaw
342,Vampire Yunus01,grandmaster,871,47,142,87,Anivia,Tryndamere,Janna
343,IHG PolskiKoz,grandmaster,867,631,84,57,Kled,Renekton,Olaf
344,Wiekszy cwaniak,grandmaster,866,333,80,44,Jayce,Kaisa,Aphelios
345,ADSTAR EUNE,grandmaster,866,175,184,154,Kaisa,Ashe,Ezreal
346,XnS Sama,grandmaster,865,122,132,107,JarvanIV,LeeSin,Khazix
347,S1NM1V4K,grandmaster,864,712,184,155,Renekton,KSante,Kennen
348,racial pyke,grandmaster,864,58,112,87,Pyke,Senna,Ezreal
349,Slice,grandmaster,863,433,168,136,JarvanIV,LeeSin,Viego
350,DONT GET C,grandmaster,862,206,88,56,Karma,Riven,Irelia
351,SPLAAAAAAAASH,grandmaster,861,89,71,41,Evelynn,Briar,LeeSin
352,ITS AKSHAN DIFF,grandmaster,861,67,79,40,Naafiri,Jayce,Sylas
353,ShyCarry3,grandmaster,861,254,87,62,Xayah,Zeri,Ashe
354,Inferior AD,grandmaster,859,611,124,102,Kaisa,Tristana,Aphelios
355,ff in head,grandmaster,859,681,269,245,Neeko,Jayce,Yone
356,F430 Enjoyer,grandmaster,858,163,326,301,Kennen,Kled,Zac
357,HAHAHAHA WACO,grandmaster,858,122,157,116,Bard,Nautilus,Alistar
358,Kritias,grandmaster,857,1162,206,170,Renekton,Riven,Karma
359,Benaset,grandmaster,857,679,174,146,Braum,Alistar,Rell
360,Adison997,grandmaster,857,579,90,64,Ashe,Kaisa,Jinx
361,Icarus monk arc,grandmaster,857,472,253,231,Viego,Khazix,Belveth
362,septico1,grandmaster,856,446,104,81,Fiora,KSante,Renekton
363,2024 Jungle NPC,grandmaster,856,903,239,205,Renekton,LeeSin,Maokai
364,chimkennubget,grandmaster,856,759,133,103,JarvanIV,Nocturne,Graves
365,psptk,grandmaster,855,177,230,195,Jax,Camille,Jayce
366,BABO AD,grandmaster,853,426,173,147,Kaisa,Aphelios,Zeri
367,Fx iMbaaa,grandmaster,853,93,247,224,Renekton,Jax,Yone
368,Competitor,grandmaster,853,231,185,156,Zed,Sylas,Taliyah
369,paopaopw Dratiko,grandmaster,852,232,127,98,Draven,Karthus,Janna
370,Im Mr Brutality,grandmaster,852,141,121,82,Shaco,Kayn,Talon
371,Akanania,grandmaster,851,493,127,97,Vayne,Zeri,Kaisa
372,Adamdam,grandmaster,851,156,238,220,Jayce,Aatrox,Renekton
373,TwTv Odysseus131,grandmaster,849,228,92,71,Taliyah,Akshan,Leblanc
374,LFL SI DIEU VEUT,grandmaster,849,718,226,197,Aatrox,Fiora,Jayce
375,FOCUSEDPRACTICE,grandmaster,846,750,273,251,Taliyah,Ahri,Jayce
376,Αrtoria,grandmaster,845,1299,232,204,Jayce,Neeko,Leblanc
377,TwTv stefankolol,grandmaster,845,114,170,143,Jax,Renekton,Malphite
378,AbbedaggÆ,grandmaster,844,389,57,32,Neeko,Sylas,Leblanc
379,Samira,grandmaster,844,196,61,33,Samira,,
380,dia wateretaw,grandmaster,842,558,105,78,Nautilus,Thresh,Renata
381,Theoloris,grandmaster,842,516,187,166,Poppy,Renekton,Aatrox
382,ImJony,grandmaster,841,705,108,83,Khazix,LeeSin,Nidalee
383,KERBEROS LOL TTV,grandmaster,839,179,168,142,Kayle,Poppy,Camille
384,GMagnusCarlsen,grandmaster,839,528,120,88,Lissandra,Rakan,Ahri
385,Cat Cafe Enjoyer,grandmaster,839,560,92,69,Rumble,Renekton,Jax
386,Nubobo,grandmaster,836,198,116,93,Nautilus,Rakan,Senna
387,lopg agop,grandmaster,834,558,219,173,Samira,Kaisa,Xayah
388,Terrør,grandmaster,833,280,125,100,Gnar,Renekton,Ornn
389,abagnale1,grandmaster,833,283,150,126,Rell,Nautilus,Rakan
390,c0cky movement,grandmaster,833,706,185,164,Kaisa,Tristana,Ahri
391,V Julius Caesar,grandmaster,832,665,94,69,Rakan,Blitzcrank,Senna
392,dejfDawid1,grandmaster,831,461,99,80,Viego,XinZhao,Lillia
393,Don Arts,grandmaster,829,1116,91,66,Nidalee,Poppy,JarvanIV
394,Kehvo,grandmaster,828,525,137,115,Ezreal,Kaisa,Zeri
395,Jimmy on top,grandmaster,827,133,160,135,Zeri,Senna,Ashe
396,MrDon001,grandmaster,827,374,143,114,Orianna,TwistedFate,Syndra
397,unfilmed,grandmaster,827,584,243,219,Kaisa,Ashe,Zeri
398,BIomster Finn,grandmaster,825,600,100,75,Rumble,Aatrox,Kled
399,Syzyfek,grandmaster,825,93,260,231,Varus,Kaisa,Zeri
400,Nomanz,grandmaster,822,821,140,117,Tristana,Azir,Leblanc
401,de sidere1,grandmaster,821,687,190,178,Belveth,Viego,Lillia
402,LéoKujo,grandmaster,820,61,145,107,Taliyah,Syndra,Cassiopeia
403,ΑrchΦiend,grandmaster,820,85,86,57,Aatrox,Pantheon,Renekton
404,faker baIIsack,grandmaster,819,692,141,116,Syndra,Yasuo,Yone
405,Julbu,grandmaster,818,522,114,87,Taliyah,JarvanIV,Poppy
406,DMAA enjoyer,grandmaster,817,599,189,157,Leblanc,Tristana,Jayce
407,UNENDLlCHKEIT,grandmaster,817,747,153,131,LeeSin,Viego,Shaco
408,Keziix 1,grandmaster,817,59,186,133,Vladimir,Sylas,Kassadin
409,DJ Summermix,grandmaster,817,395,204,176,Alistar,Rakan,Rell
410,SLY BackSteeeL,grandmaster,816,360,123,97,Rell,Nautilus,Rakan
411,Emerald Dragon,grandmaster,816,66,71,38,Leblanc,Syndra,Jayce
412,O Carnagios,grandmaster,815,822,256,235,Viego,Poppy,JarvanIV
413,CHINA CHINA,grandmaster,814,495,86,52,Yone,Jayce,Viktor
414,fantomisto,grandmaster,814,468,168,144,Cassiopeia,Ahri,Syndra
415,inner vοid,grandmaster,814,744,114,78,Kayle,Jayce,Jax
416,Zubac,grandmaster,811,481,244,215,Viego,Belveth,JarvanIV
417,CHRSTINA GRIMMIE,grandmaster,810,288,137,92,Azir,Ezreal,Tristana
418,Nobreak,grandmaster,809,64,133,104,Nunu,Taric,MasterYi
419,A Blue Sapphire,grandmaster,809,132,162,135,Rell,Rakan,Nautilus
420,osmn,grandmaster,809,117,136,108,Nidalee,LeeSin,Taliyah
421,Venour,grandmaster,808,666,134,111,Renekton,Aatrox,Rumble
422,Unméi,grandmaster,807,275,132,112,Alistar,Nautilus,Heimerdinger
423,wp0z3q,grandmaster,807,114,276,211,Diana,JarvanIV,Karma
424,VΣTHΣΘ,grandmaster,807,653,113,91,Jayce,Kaisa,Ahri
425,Mαster Oogwαy,grandmaster,807,191,79,57,Aphelios,Kaisa,Nilah
426,DeadhoundC,grandmaster,805,690,348,322,Kaisa,Zeri,Ezreal
427,SURPRISEPIKACHU,grandmaster,805,60,73,46,Janna,Ashe,Lissandra
428,Stormaxx,grandmaster,803,533,126,106,JarvanIV,Viego,LeeSin
429,ZWYRR1,grandmaster,802,891,140,121,Leblanc,Akali,Lissandra
430,Cast,grandmaster,802,756,238,219,Kindred,Belveth,Karthus
431,xLinayaa,grandmaster,801,158,65,42,Jax,Yone,KSante
432,SonOfAchilleus,grandmaster,800,747,214,181,Zeri,Xayah,Ashe
433,Drugdar,grandmaster,800,227,98,73,Ezreal,Aphelios,Kaisa
434,TTV Daitolol,grandmaster,798,617,145,119,Akali,Yone,Naafiri
435,SupremeG0at,grandmaster,797,774,245,218,Akali,Ahri,Seraphine
436,ACD,grandmaster,795,563,75,57,Kled,Camille,Gangplank
437,William4,grandmaster,794,634,135,113,Ahri,Sett,Lissandra
438,owΙ,grandmaster,794,53,158,112,Yone,Yasuo,Talon
439,K31 C4 M,grandmaster,793,488,63,38,Rell,Alistar,Rakan
440,Dumletikkari,grandmaster,792,481,320,286,Zac,Garen,Malphite
441,pls lose it,grandmaster,791,312,162,132,Jayce,Taliyah,Leblanc
442,ZPG Kejila,grandmaster,789,539,143,119,Orianna,Vladimir,Azir
443,sense xvenım,grandmaster,789,347,541,523,Yone,Aatrox,Jax
444,maru,grandmaster,787,121,166,136,Kaisa,Zeri,Ashe
445,Depresedvkid1337,grandmaster,787,189,288,263,Yone,Ezreal,Vladimir
446,My own story,grandmaster,787,685,269,248,Riven,Jayce,Akali
447,Ttv KoalachanLoL,grandmaster,785,182,109,79,Irelia,KSante,Yone
448,Stasko Lover,grandmaster,784,196,130,103,Belveth,Nocturne,Karthus
449,Legendary Chapi,grandmaster,783,206,191,162,JarvanIV,Nocturne,Khazix
450,Pigheadd,grandmaster,781,530,123,93,Irelia,Rumble,Thresh
451,Objectionable,grandmaster,781,57,103,53,Udyr,Aatrox,Pantheon
452,NHWK,grandmaster,780,541,223,197,Evelynn,Karthus,JarvanIV
453,Composites,grandmaster,779,466,100,79,Yasuo,Zed,Syndra
454,Sérenity,grandmaster,779,549,108,75,Soraka,Karma,Zyra
455,MORON M0DE,grandmaster,779,148,166,144,Viego,Gragas,Karthus
456,ShadowZerô,grandmaster,777,1043,361,344,Soraka,Poppy,Sona
457,uciu1,grandmaster,777,330,138,109,Rumble,Maokai,Khazix
458,Hαrry Ambrose,grandmaster,776,1020,204,184,Rell,Alistar,Rakan
459,INDD,grandmaster,773,1270,191,163,Syndra,Tristana,Jayce
460,ChainIess,grandmaster,773,907,84,59,Kaisa,Ashe,Nautilus
461,Irode,grandmaster,773,691,123,99,Elise,Malphite,Fiora
462,Looki LFT,grandmaster,772,719,161,141,Ezreal,Kaisa,Zeri
463,Sin Laurent,grandmaster,772,164,77,50,Khazix,Kayn,Karthus
464,INT gregreg,grandmaster,771,738,120,99,Bard,Rakan,Nautilus
465,BELLINGHAM 9 ,grandmaster,771,858,153,136,Aatrox,Renekton,Gnar
466,egoist rumble,grandmaster,771,77,83,55,Rumble,Teemo,Pantheon
467,1roNN,grandmaster,771,847,227,208,Rell,Pyke,Nautilus
468,L9 Manager,grandmaster,770,170,108,78,Nidalee,Viego,Khazix
469,Mountain Wolf,grandmaster,770,480,102,79,JarvanIV,Viego,Khazix
470,Démiurge Éternel,grandmaster,768,133,163,132,Vladimir,AurelionSol,Garen
471,Lû Bu,grandmaster,767,415,154,118,Maokai,Leona,Alistar
472,Λlixx,grandmaster,766,489,108,86,Syndra,Zed,Jayce
473,TPCL,grandmaster,766,526,140,112,Renekton,Gnar,Kennen
474,ROC Myster,grandmaster,765,132,102,74,Yone,Yasuo,
475,guma i u6i,grandmaster,765,224,71,46,Xayah,Zeri,Kaisa
476,Elite500,grandmaster,765,641,99,77,Vladimir,Soraka,Viktor
477,Fαllεn 2,grandmaster,765,234,87,56,JarvanIV,Zac,LeeSin
478,Afrogirl,grandmaster,764,448,105,82,Kindred,JarvanIV,Viego
479,V E J A I R O ,grandmaster,764,239,194,170,Zed,Yone,Yasuo
480,MARIA I AM DRUNK,grandmaster,764,602,261,237,Nautilus,Rell,Alistar
481,kcohkvoybd,grandmaster,763,1089,296,273,Kaisa,Thresh,Pyke
482,orderman,grandmaster,763,118,74,45,Orianna,Ahri,Sylas
483,BoostedsDetector,grandmaster,762,1182,233,214,Kaisa,Ashe,Xayah
484,G A Z R I B U,grandmaster,762,99,183,137,Jayce,Tristana,Ahri
485,Mishigu ,grandmaster,761,591,84,59,Kaisa,Zeri,Twitch
486,Rutzou,grandmaster,761,278,196,160,Rakan,Kaisa,Alistar
487,Rabble Arouser,grandmaster,761,542,45,22,Lillia,Briar,Viego
488,TwtvYuroxlol,grandmaster,761,67,136,120,Cassiopeia,Ezreal,Veigar
489,EDG Innaxe,grandmaster,761,213,103,79,Zeri,Kaisa,Ezreal
490,FEBIVEN,grandmaster,761,432,151,136,Leblanc,Jayce,Tristana
491,1500LP,grandmaster,761,84,103,60,Nidalee,LeeSin,Karthus
492,Fluf0,grandmaster,760,681,230,203,Ahri,Leblanc,Tristana
493,Jamsu,grandmaster,760,876,107,79,Rakan,Poppy,Braum
494,eYa Cedeiix,grandmaster,758,351,153,127,Graves,Kindred,Viego
495,noob phobia,grandmaster,758,360,81,59,Rell,Alistar,Soraka
496,Warnerr,grandmaster,757,333,173,151,Leblanc,Jayce,Gragas
497,Raito Final ACC,grandmaster,756,51,92,62,Alistar,Rakan,Blitzcrank
498,AxelentLOL,grandmaster,755,812,285,274,Kaisa,Xayah,Ashe
499,Seminol,grandmaster,755,597,100,79,Poppy,Aatrox,Gwen
